base64;"51 61 85 54 67 85 48 48 48 70 85 48 48 49 66 78 85 79 77 89 87 76 67 85 48 48 49 55 81 90 90 85 48 48 53 67 85 48 48 49 90 71 90 46 83 86 53 85 48 48 49 70 59 39 85 48 48 49 69 89 46 88 84 51 47 86 82 70 67 90 76 90 74 86 70 70 79 85 48 48 49 55 55 73 71 84 61 85 48 48 49 55 43 61 81 86 85 48 48 53 67 71 73 71 39 43 71 69 85 48 48 49 69 88 46 85 48 48 49 66 78 86 69 89 85 48 48 49 68 85 48 48 49 69 86 39 86 84 78 54 76 58 76 39 74 76 79 70 55 75 87 85 48 48 49 70 83 39 85 48 48 49 69 85 48 48 49 70 85 48 48 49 66 85 48 48 49 66 78 88 59 71 85 67 75 85 48 48 49 66 59 57 75 85 48 48 49 69 59 46 87 88 83 85 48 48 53 67 85 48 48 53 67 85 73 77 78 85 48 48 49 70 54 85 48 48 53 67 86 75 67 77 85 48 48 53 67 73 86 85 48 48 49 68 85 79 75 46 88 77 54 86 70 69 78 86 77 46 79 83 75 83 58 83 77 85 48 48 49 70 59 59 85 48 48 49 69 81 59 54 55 77 89 74 86 67 90 77 79 43 84 77 51 71 78 57 89 90 59 85 48 48 49 69 85 48 48 49 69 89 47 71 85 48 48 49 66 89 90 78 88 85 48 48 53 67 85 77 85 48 48 49 69 86 54 55 46 90 82 67 76 78 46 70 57 76 71 85 48 48 49 55 73 83 84 47 76 55 58 53 76 51 83 78 71 58 59 74 45 87 71 78 87 53 85 83 77 90 77 51 83 86 43 77 86 85 82 88 89 77 87 67 51 43 85 48 48 49 66 77 90 85 48 48 49 68 67 57 86 87 89 58 81 73 71 85 48 48 53 67 90 71 83 78 78 61 81 54 85 48 48 49 55 75 85 48 48 49 68 87 83 83 58 74 86 74 58 71 83 85 48 48 53 67 85 48 48 49 66 85 48 48 48 70 82 83 89 81 85 48 48 49 68 89 43 74 89 83 59 90 90 82 86 47 78 86 77 73 46 59 58 54 45 87 89 58 78 86 85 48 48 48 70 67 53 85 48 48 49 70 45 89 61 75 71 45 85 78 82 46 87 53 77 70 55 77 57 85 48 48 48 70 69 82 59 86 83 84 53 90 78 58 55 77 78 81 85 48 48 49 70 54 75 88 43 78 67 89 75 78 88 59 75 85 48 48 49 69 45 82 83 85 48 48 49 70 39 58 77 82 51 88 47 86 47 77 85 43 89 74 75 70 78 85 48 48 49 69 84 85 48 48 49 70 76 75 75 90 78 84 74 86 85 85 77 81 43 71 85 48 48 48 70 85 48 48 49 66 85 48 48 49 66 88 86 71 79 88 85 48 48 49 70 77 90 47 77 85 89 53 54 88 85 48 48 49 69 90 71 47 82 87 85 48 48 53 67 78 45 77 47 84 82 85 48 48 49 70 85 48 48 49 70 73 78 77 51 83 51 74 85 48 48 49 66 85 79 90 55 70 85 48 48 49 66 85 48 48 49 66 51 71 46 46 69 85 69 71 85 48 48 49 68 74 87 55 82 89 45 47 43 85 48 48 49 70 70 83 69 87 74 79 79 55 54 54 83 59 71 77 75 90 85 48 48 49 69 71 85 85 48 48 49 70 82 86 86 81 86 57 78 78 85 48 48 49 70 85 48 48 49 70 75 85 48 48 49 69 47 75 87 57 74 85 54 85 48 48 49 70 85 48 48 49 69 71 59 73 85 48 48 49 69 86 61 51 51 75 84 89 84 75 84 85 48 48 48 70 58 45 70 89 86 79 78 79 45 85 51 78"
esab46;"101 53 101 55 67 101 100 48 16 135 89 16 100 62 194 143 89 79 142 93 103 143 163 101 100 48 17 53 94 234 155 89 16 100 57 67 150 48 16 102 94 125 155 34 35 151 57 101 100 48 17 135 49 183 150 48 16 102 73 105 99 92 100 101 39 102 147 74 67 155 68 106 139 90 124 135 71 101 100 48 17 53 59 127 133 88 29 150 48 16 102 59 5 62 94 230 150 48 16 54 67 125 138 75 55 93 75 123 150 48 16 102 73 104 99 89 16 100 62 194 143 90 123 154 89 16 100 62 250 150 48 16 102 73 102 253 90 100 143 58 89 59 68 55 139 68 79 135 59 88 149 89 16 100 62 252 145 43 101 100 48 17 134 89 16 100 62 252 150 48 16 102 79 229 100 48 17 131 66 40 57 75 101 129 66 165 100 48 17 131 49 136 137 89 16 100 62 251 57 34 39 155 179 101 100 48 21 129 89 16 100 57 67 150 77 77 143 89 16 100 62 252 55 89 16 100 57 67 151 66 131 142 89 16 100 57 67 138 90 101 100 48 17 135 185 79 137 34 40 142 58 102 135 73 78 151 69 11 141 83 88 145 62 99 142 89 16 100 62 252 57 50 165 100 48 17 134 94 155 55 59 77 154 78 102 129 94 77 141 34 164 142 51 125 143 61 105 155 50 165 100 48 17 134 89 16 100 62 251 154 39 125 150 48 16 102 79 233 155 66 40 150 48 16 54 67 101 142 89 16 100 62 251 151 58 26 99 94 98 129 68 78 99 74 8 143 171 101 100 48 17 53 77 99 148 39 89 53 62 21 140 51 99 143 75 9 57 78 10 149 75 78 149 57 101 145 69 106 142 51 99 151 34 141 151 89 98 155 189 77 149 70 83 93 89 16 100 62 194 142 94 101 100 48 17 135 166 72 151 91 105 59 94 255 133 89 16 100 57 67 155 75 99 143 65 221 146 58 101 100 48 17 53 66 165 100 48 17 135 187 99 145 62 87 151 78 9 133 83 101 100 48 21 129 89 16 100 62 194 150 48 16 103 170 98 145 93 97 150 48 16 102 72 105 93 78 105 145 50 170 155 95 230 97 66 38 142 77 11 57 62 22 98 91 105 59 66 38 150 48 16 103 170 67 54 89 16 100 62 252 98 93 29 137 75 10 150 66 34 99 91 21 142 74 26 142 61 101 100 48 16 135 73 98 57 90 99 148 57 106 143 62 26 142 66 33 150 48 16 102 74 22 137 92 5 143 67 105 137 66 40 57 66 165 100 48 17 134 37 98 145 89 16 100 62 252 253 62 77 147 51 104 97 90 12 142 89 5 154 78 88 135 66 37 100 48 17 134 88 101 100 48 17 135 68 88 137 94 78 151 174 102 150 89 77 146 34 189 150 48 16 103 170 101 100 48 17 131 89 16 100 62 194 155 186 125 141 92 101 100 48 17 135 69 106 97 69 101 154 57 22 155 185 16 100 62 251 155 75 12 147 91 101 100 48 21 129 65 202 142 39 100 147 89 16 100 62 252 150 48 16 102 74 127 143 69 19 145 51 87 150 48 16 102 79 229 141 94 26 135 89 16 100 62 194 150 48 16 102 79 147 133 33 203 134 89 123 133 89 16 100 62 250 139 91 26 147 93 10 97 34 165 100 48 17 135 74 99 134 91 87 141 71 26 55 58 99 57 75 77 137 94 101 100 48 17 134 75 101 150 48 16 102 74 98 151 90 97 151 61 78 143 89 16 100 62 252 150 48 16 102 74 88 150 48 16 102 73 12 137 91 8 139 89 22 150 48 16 102 74 101 100 48 17 134 75 27 138 89 16 100 62 251 151 53 19 101 66 164 154 88 88 151 185 16 100 48 124 59 37 124 154 90 79 143 71 10 150 51 78"
tripo5;"231 110 27 183 203 91 230 136 48 68 182 176 230 143 226 76 182 239 77 178 210 76 107 91 230 136 49 183 143 213 112 182 176 230 134 232 109 56 48 229 177 123 112 41 83 108 54 219 230 136 49 68 56 205 109 56 48 229 166 254 208 176 90 231 95 92 107 207 168 115 204 85 96 191 136 71 207 91 230 136 49 183 103 79 71 132 61 109 56 48 229 53 234 189 191 220 109 56 48 181 171 123 97 165 205 207 119 127 109 56 48 229 166 211 208 182 176 230 143 226 76 191 191 113 182 176 230 143 198 109 56 48 229 166 220 63 143 154 76 63 185 187 204 13 99 204 111 68 55 116 111 134 176 230 143 200 107 87 91 230 136 49 69 182 176 230 143 200 109 56 48 229 163 219 230 136 49 67 201 83 187 119 91 67 121 219 230 136 49 64 56 229 99 134 176 230 143 255 187 89 82 115 251 91 230 136 56 67 134 176 230 134 232 109 162 237 76 182 176 230 143 200 180 182 176 230 134 232 111 201 232 77 182 176 230 134 232 97 191 155 230 136 49 71 246 239 99 89 83 77 63 156 71 198 238 111 205 235 79 139 116 107 97 83 77 182 176 230 143 200 187 105 219 230 136 49 69 177 137 180 55 109 113 161 92 67 129 109 79 89 218 77 59 123 76 50 254 112 57 219 230 136 49 69 182 176 230 143 255 113 143 123 109 56 48 229 163 254 115 201 83 109 56 48 181 171 91 77 182 176 230 143 255 108 52 250 208 177 88 67 124 110 211 196 229 76 103 91 230 136 49 183 114 211 110 47 121 183 97 56 78 139 83 79 197 230 187 113 39 111 119 110 111 102 219 107 126 21 77 59 83 108 41 237 108 182 216 115 242 237 111 126 118 207 134 176 230 143 226 77 177 91 230 136 49 68 110 101 108 183 126 184 191 207 71 134 176 230 134 232 115 199 83 79 201 61 105 63 155 230 136 49 183 121 219 230 136 49 71 247 83 107 97 115 111 193 38 71 139 91 230 136 56 67 134 176 230 143 226 109 56 48 228 111 152 107 130 209 109 56 48 229 164 126 207 113 126 107 105 213 112 179 220 211 121 92 77 175 43 187 97 50 209 183 126 187 201 92 109 56 48 228 111 168 181 182 176 230 143 200 209 191 61 99 117 231 109 169 88 208 181 248 77 164 250 77 50 219 230 136 48 71 198 216 187 143 147 110 134 213 76 49 58 77 169 81 109 56 48 229 164 242 99 128 42 79 203 126 99 121 83 187 121 219 230 136 49 69 142 24 107 134 176 230 143 200 63 97 109 104 59 83 211 132 236 77 182 170 113 161 116 71 201 91 230 136 49 69 180 91 230 136 49 71 204 116 99 129 110 108 97 92 109 182 237 105 137 251 109 56 48 228 111 155 230 136 49 64 182 176 230 143 226 115 255 187 79 128 91 230 136 49 71 206 21 211 126 27 113 54 178 115 246 176 230 143 255 115 197 236 104 183 91 230 136 56 67 121 39 77 143 90 104 182 176 230 143 200 109 56 48 229 175 143 79 205 246 107 107 115 109 56 48 229 163 219 79 129 58 68 182 176 230 143 226 109 56 48 229 163 182 71 89 43 69 182 255 71 134 176 230 143 198 96 181 250 104 191 39 211 89 219 230 136 49 71 207 147 69 183 115 79 114 186 180 63 147 187 119 109 99 129 91 230 136 49 69 167 91 109 56 48 229 175 152 108 191 145 108 50 238 76 182 176 230 143 200 109 56 48 229 175 180 109 56 48 229 166 172 99 133 229 96 182 178 109 56 48 229 175 155 230 136 49 69 165 201 97 182 176 230 143 255 108 61 246 231 121 218 113 180 116 111 246 176 230 136 72 184 46 8 113 191 175 79 194 167 109 59 110"
rot13;"102 109 72 3 16 8 101 3 99 19 33 227 101 4 143 27 34 2 24 140 138 25 16 8 101 3 100 3 84 167 39 33 227 101 2 16 32 99 99 100 135 20 38 254 70 35 2 8 101 3 100 19 7 218 32 99 99 100 114 12 99 43 135 102 95 73 31 19 16 39 25 39 23 35 19 19 31 72 101 3 100 2 106 150 19 80 253 32 99 99 100 106 94 8 132 137 32 99 99 0 112 20 20 122 90 95 74 146 32 99 99 100 114 11 99 33 227 101 4 143 27 35 18 36 129 227 101 4 145 32 99 99 100 114 9 91 83 7 27 3 25 7 24 218 23 25 2 19 10 152 35 81 227 101 4 147 30 90 136 101 3 100 16 129 227 101 4 147 32 99 99 100 117 136 101 3 100 15 30 75 7 74 136 15 72 8 101 3 100 15 7 249 23 81 227 101 4 146 6 94 74 37 32 8 101 3 117 15 81 227 101 2 16 32 124 128 27 33 227 101 4 147 3 33 227 101 2 16 35 24 16 24 129 227 101 2 16 20 131 8 101 3 100 17 34 2 22 94 75 24 99 9 19 18 1 35 29 33 27 80 24 30 103 6 24 129 227 101 4 147 6 104 8 101 3 100 16 132 123 3 10 128 36 119 9 15 87 0 26 88 7 24 96 20 27 12 140 39 8 8 101 3 100 16 129 227 101 4 146 36 95 84 32 99 99 100 117 140 39 30 75 32 99 99 0 112 8 24 129 227 101 4 146 35 2 247 99 39 5 15 73 1 99 18 249 25 26 136 101 3 100 3 76 134 32 255 89 2 102 245 25 0 6 27 26 122 7 70 224 35 74 129 34 98 8 31 77 103 24 96 6 34 248 0 35 34 5 37 44 128 35 70 102 95 81 227 101 4 143 24 135 8 101 3 100 17 22 121 35 42 140 7 36 150 19 81 227 101 2 16 39 26 134 27 30 61 28 99 8 101 3 100 3 72 8 101 3 100 17 42 134 30 103 23 35 22 250 19 80 8 101 3 117 15 81 227 101 4 143 32 99 99 101 19 5 31 92 132 32 99 99 100 113 12 95 71 12 30 104 39 39 37 137 99 78 73 24 124 97 6 102 246 96 138 140 7 30 73 32 99 99 101 19 16 0 129 227 101 4 147 96 140 125 23 74 96 32 126 69 99 42 117 24 114 247 24 108 136 101 3 99 19 18 5 7 83 6 33 2 39 27 6 247 24 126 68 32 99 99 100 114 246 23 91 94 27 16 12 23 78 75 7 72 8 101 3 100 16 93 69 31 81 227 101 4 147 90 103 0 31 0 11 99 82 226 24 129 222 36 119 24 19 30 72 101 3 100 16 129 8 101 3 100 19 25 24 23 87 1 33 23 9 32 130 0 28 88 20 32 99 99 101 19 8 101 3 100 15 33 227 101 4 143 37 35 20 27 91 136 101 3 100 19 29 103 99 77 72 36 97 246 37 33 227 101 4 146 39 26 98 31 42 136 101 3 117 15 78 32 24 95 71 31 33 227 101 4 147 32 99 99 100 115 22 27 29 38 30 96 23 32 99 99 100 117 136 27 86 247 19 33 227 101 4 143 32 99 99 100 117 102 18 94 33 16 130 18 19 81 227 101 4 145 23 42 119 31 44 96 98 88 8 101 3 100 19 19 6 16 138 151 27 79 55 3 3 6 7 74 128 23 87 8 101 3 100 16 122 136 32 99 99 100 115 5 35 35 4 35 12 129 27 33 227 101 4 147 32 99 99 100 115 24 32 99 99 100 113 226 23 90 121 23 33 246 32 99 99 100 115 8 101 3 100 16 122 123 20 129 227 101 4 146 35 13 38 103 72 7 36 129 24 33 33 227 101 3 147 6 253 83 36 131 2 27 31 32 32 96 1"
feron74;"166 108 139 98 198 11 165 20 32 87 82 160 165 29 28 19 82 218 16 189 66 19 182 11 165 20 33 99 45 5 51 82 160 165 18 209 44 68 32 164 190 171 51 0 68 47 130 203 165 20 33 87 135 119 44 68 32 164 162 243 147 91 202 166 91 76 42 204 209 50 200 69 35 92 253 86 203 75 165 20 33 98 99 127 87 39 173 44 68 32 164 65 211 104 189 12 44 68 32 96 166 43 32 161 247 143 19 116 44 68 32 164 162 195 147 82 160 165 29 28 19 92 244 48 178 160 165 29 59 44 68 32 164 162 204 255 44 202 19 140 233 162 200 55 34 200 90 87 131 100 47 34 160 165 29 61 42 83 75 165 20 33 84 178 160 165 29 61 44 68 32 164 175 203 165 20 33 122 192 67 163 19 75 123 23 203 165 20 33 123 135 65 35 34 160 165 29 52 162 80 66 51 70 11 165 20 50 123 34 160 165 18 209 44 173 88 19 82 160 165 29 61 99 82 160 165 18 209 46 199 209 16 178 160 165 18 209 32 188 203 165 20 33 87 66 218 34 80 67 16 76 204 86 194 232 46 204 86 19 38 36 42 110 132 16 178 160 165 29 61 162 103 203 165 20 33 84 190 192 99 131 88 48 174 140 123 46 152 18 87 202 16 70 43 19 141 115 51 135 203 165 20 33 84 178 160 165 29 52 48 139 107 44 68 32 164 175 243 50 192 67 44 68 32 96 166 11 16 178 160 165 29 52 47 128 234 147 94 136 123 24 104 146 192 193 19 179 75 165 20 33 99 29 68 45 203 105 98 110 114 17 22 4 18 193 212 163 30 95 47 19 104 46 98 203 43 28 133 16 70 4 47 7 216 47 82 200 51 77 88 47 26 102 143 34 160 165 29 28 16 190 139 165 20 33 87 186 65 47 83 115 163 93 63 87 34 160 165 18 209 50 195 68 18 206 45 40 76 203 165 20 33 99 23 203 165 20 33 87 67 68 42 110 163 46 206 84 87 38 11 165 20 50 123 34 160 165 29 28 44 68 32 167 188 200 43 45 85 44 68 32 164 165 115 143 30 179 42 103 197 51 95 204 147 16 76 16 171 22 162 110 98 144 179 115 162 192 76 44 68 32 167 188 209 96 178 160 165 29 61 144 187 45 35 17 223 44 160 72 147 81 242 16 160 234 16 77 75 165 20 32 86 194 200 163 44 196 45 18 197 19 142 106 16 160 85 44 68 32 164 160 226 35 43 147 18 198 51 35 16 67 163 23 203 165 20 33 84 140 136 43 34 160 165 29 61 254 110 152 43 134 3 147 32 215 16 178 147 48 174 164 86 192 75 165 20 33 84 181 75 165 20 33 86 200 100 35 46 168 47 190 140 44 178 216 40 135 235 44 68 32 167 188 203 165 20 33 123 82 160 165 29 28 51 76 235 19 43 203 165 20 33 86 204 133 147 28 139 48 66 162 51 66 160 165 29 52 50 193 215 43 83 75 165 20 50 123 30 31 16 139 74 43 82 160 165 29 61 44 68 32 164 172 255 18 204 102 42 102 35 44 68 32 164 175 203 19 46 106 87 82 160 165 29 28 44 68 32 164 175 166 86 94 22 84 178 244 87 34 160 165 29 59 35 81 234 43 91 31 146 87 203 165 20 33 86 204 196 84 179 99 19 22 106 99 140 196 163 19 88 35 46 139 165 20 33 84 163 75 44 68 32 164 172 200 47 92 213 47 141 104 19 82 160 165 29 61 44 68 32 164 172 228 44 68 32 164 162 151 35 33 193 35 82 162 44 68 32 164 172 203 165 20 33 84 161 192 32 178 160 165 29 52 47 140 102 167 23 202 48 181 100 47 66 160 165 22 253 163 12 189 48 188 218 18 198 95 44 70 40"
atom128;"106 128 110 227 94 46 105 36 124 43 99 252 105 39 194 55 107 136 54 237 161 55 254 46 105 36 102 224 23 239 131 99 252 105 43 146 184 212 124 106 231 149 129 105 13 185 123 174 105 36 102 41 124 156 184 212 124 104 251 186 103 97 79 106 123 96 63 94 146 131 89 175 51 110 132 43 91 110 105 36 102 226 143 180 40 18 109 184 212 124 104 223 113 34 231 224 184 212 124 224 254 21 48 255 92 97 223 159 184 212 124 104 251 162 103 99 252 105 39 194 55 110 159 130 227 252 105 39 255 184 212 124 104 251 160 208 30 143 53 126 154 47 95 28 51 89 136 41 127 153 184 19 252 105 39 196 62 127 174 105 36 102 42 227 252 105 39 196 184 212 124 104 253 46 105 36 102 39 89 34 45 223 174 37 220 238 105 36 102 37 124 164 48 19 252 105 39 223 46 121 33 129 254 46 105 36 65 36 19 252 105 43 146 184 253 184 55 99 252 105 39 196 227 99 252 105 43 146 187 92 210 54 227 252 105 43 146 50 238 174 105 36 102 41 251 136 50 121 34 52 222 160 43 91 139 187 87 121 52 30 25 62 135 141 54 227 252 105 39 196 46 140 238 105 36 102 42 239 234 225 127 184 128 247 160 36 23 184 54 124 207 52 222 21 53 125 186 129 124 238 105 36 102 42 227 252 105 39 223 128 203 85 184 212 124 104 253 58 131 89 34 184 212 124 224 254 46 54 227 252 105 39 223 185 120 172 103 103 140 37 217 139 103 88 164 55 255 174 105 36 102 225 221 141 184 43 90 226 129 193 53 46 13 55 95 101 45 209 243 185 223 139 186 139 174 61 208 111 52 222 13 185 108 248 187 107 140 129 253 184 185 214 168 96 19 252 105 39 194 54 231 174 105 36 102 43 246 164 187 111 186 47 103 244 40 19 252 105 43 146 131 95 141 55 88 237 60 222 174 105 36 102 225 220 238 105 36 102 41 255 141 62 135 152 187 81 229 40 30 46 105 36 65 36 19 252 105 39 194 184 212 124 107 254 140 60 29 138 184 212 124 104 242 186 97 215 186 62 140 239 131 109 32 101 217 32 52 253 121 46 129 194 102 239 186 47 89 32 184 212 124 107 254 146 226 227 252 105 39 196 102 237 109 49 223 115 184 249 12 103 111 65 52 248 172 52 221 174 105 36 124 43 91 140 44 30 141 185 43 175 53 113 236 52 249 10 184 212 124 104 248 130 48 21 49 55 94 58 49 217 34 45 220 238 105 36 102 40 192 76 60 19 252 105 39 196 210 135 184 61 126 34 100 24 187 54 227 241 128 247 153 43 89 46 105 36 102 42 226 174 105 36 102 43 89 153 48 23 139 187 247 160 186 235 184 60 204 213 184 212 124 107 254 174 105 36 102 39 99 252 105 39 194 129 254 149 52 17 110 105 36 102 43 80 111 101 208 110 128 211 194 129 243 252 105 39 223 131 95 123 63 111 174 105 36 65 37 216 243 52 203 79 63 99 252 105 39 196 184 212 124 104 254 180 55 87 104 62 142 24 184 212 124 104 253 46 52 17 236 43 99 252 105 39 194 184 212 124 104 241 168 42 120 249 42 235 159 40 19 252 105 39 255 51 111 108 63 109 115 102 124 238 105 36 102 43 94 141 42 239 152 53 208 236 225 126 141 45 223 184 48 23 174 105 36 102 40 255 174 184 212 124 104 254 140 187 110 138 185 125 139 55 99 252 105 39 196 184 212 124 104 254 153 184 212 124 104 243 251 48 31 100 51 99 194 184 212 124 104 254 174 105 36 102 40 255 106 50 227 252 105 39 223 185 119 104 105 220 207 130 226 153 185 243 252 105 42 68 45 96 68 130 238 136 55 80 243 184 222 11"
itoa64;"99 240 225 103 6 97 96 243 60 119 24 60 96 244 78 127 24 91 126 28 99 125 6 97 96 243 61 100 52 102 139 24 60 96 248 79 133 243 60 98 29 83 138 225 223 134 248 97 96 243 61 118 254 51 133 243 60 98 8 101 95 27 96 99 226 226 131 9 79 139 15 102 123 25 82 119 2 225 96 243 61 103 250 85 116 55 11 133 243 60 97 250 55 110 20 98 133 243 60 102 6 83 122 10 51 88 42 81 133 243 60 98 8 100 95 24 60 96 244 78 127 25 81 138 24 60 96 244 80 133 243 60 98 8 98 84 57 96 126 249 88 107 15 51 123 15 91 118 250 87 132 56 60 96 244 82 131 234 97 96 243 61 118 24 60 96 244 82 133 243 60 98 5 97 96 243 61 115 1 228 104 42 97 112 46 97 96 243 61 114 254 7 120 56 60 96 244 81 107 225 227 137 22 97 96 243 3 112 56 60 96 248 79 134 12 89 127 24 60 96 244 82 103 24 60 96 248 79 135 14 79 126 24 60 96 248 79 122 25 97 96 243 61 117 24 91 123 225 228 125 249 98 119 8 90 135 0 186 124 54 87 131 253 95 126 24 60 96 244 82 107 254 97 96 243 61 118 20 9 102 250 89 138 13 98 112 61 89 127 238 96 125 246 83 126 252 101 138 254 97 96 243 61 118 24 60 96 244 81 137 226 211 133 243 60 98 5 101 139 1 228 133 243 60 102 6 97 126 24 60 96 244 81 134 249 5 95 29 94 112 47 90 95 9 7 125 10 97 96 243 61 100 44 95 132 226 216 103 253 3 124 246 95 127 10 8 104 45 57 132 42 90 135 248 97 128 32 230 125 246 95 134 238 89 135 24 94 137 28 89 132 38 63 88 56 60 96 244 78 126 29 97 96 243 61 117 6 7 135 26 101 107 20 85 116 56 60 96 248 79 139 10 95 127 1 139 129 249 97 96 243 61 100 46 97 96 243 61 117 26 95 131 253 86 135 13 8 116 54 97 96 243 3 112 56 60 96 244 78 133 243 60 97 9 94 128 60 93 133 243 60 98 7 101 88 45 101 131 254 102 139 21 98 92 33 226 126 12 58 107 253 4 94 26 101 107 1 226 133 243 60 97 9 79 102 24 60 96 244 82 94 28 11 120 42 57 134 1 222 95 26 3 126 9 5 125 252 97 96 243 60 119 8 94 104 57 95 132 248 102 126 253 5 126 1 221 133 243 60 98 9 4 120 59 55 127 6 101 120 33 228 104 46 97 96 243 61 117 224 222 128 56 60 96 244 82 87 253 89 130 246 100 92 57 59 126 24 55 138 13 87 119 1 225 96 243 61 118 23 97 96 243 61 119 15 87 120 61 90 133 13 98 134 24 89 129 238 83 133 243 60 97 9 97 96 243 61 115 24 60 96 244 78 137 25 83 124 59 97 96 243 61 119 0 230 92 32 225 137 248 4 137 24 60 96 244 81 139 10 59 131 26 97 96 243 3 112 33 185 125 226 224 131 24 60 96 244 82 133 243 60 98 9 85 127 0 191 131 246 86 133 243 60 98 5 97 124 61 5 119 24 60 96 244 78 133 243 60 98 5 63 119 225 186 118 24 81 116 56 60 96 244 80 123 26 5 131 28 57 95 238 97 96 243 61 119 9 95 118 26 86 124 34 133 102 249 95 104 42 89 120 61 97 96 243 61 118 10 97 133 243 60 98 9 94 135 25 93 134 252 90 127 24 60 96 244 82 133 243 60 98 9 87 133 243 60 98 8 59 120 58 7 123 24 4 133 243 60 98 9 97 96 243 61 118 10 9 122 24 60 96 244 81 134 240 191 96 46 96 138 23 87 133 24 60 96 243 82 106 224 210 138 25 91 127 2 185 133 246 90"
rot32;"177 53 117 180 75 117 178 56 16 196 93 16 178 57 98 204 93 111 207 81 119 206 75 117 178 56 17 181 89 122 216 93 16 178 61 99 215 56 16 179 82 103 216 38 115 212 61 117 178 56 17 196 51 7 215 56 16 179 77 121 172 80 116 177 39 118 208 78 99 216 68 122 200 94 102 196 71 117 178 56 17 181 63 105 197 92 29 215 56 16 179 63 11 191 89 118 215 56 16 183 75 103 203 79 7 169 79 101 215 56 16 179 77 120 172 93 16 178 57 98 204 94 101 219 93 16 178 57 100 215 56 16 179 77 118 165 94 116 204 62 108 184 68 7 200 68 111 196 63 107 213 93 16 178 57 102 209 47 117 178 56 17 199 93 16 178 57 102 215 56 16 179 74 117 178 56 17 192 70 120 185 79 117 193 67 117 178 56 17 192 51 25 201 93 16 178 57 101 185 38 119 218 91 117 178 56 21 193 93 16 178 61 99 215 65 109 204 93 16 178 57 102 180 93 16 178 61 99 212 67 99 207 93 16 178 61 99 203 94 117 178 56 17 198 93 111 201 38 120 207 62 118 196 77 110 212 69 14 205 91 107 209 50 115 207 93 16 178 57 102 185 51 117 178 56 17 199 89 27 180 63 109 219 66 118 193 82 109 205 35 116 207 59 103 204 49 121 216 51 117 178 56 17 199 93 16 178 57 101 219 39 103 215 56 16 179 74 121 216 70 120 215 56 16 183 75 117 207 93 16 178 57 101 212 62 23 172 82 114 193 68 110 172 78 25 206 79 117 178 56 17 181 65 115 214 39 108 181 50 21 206 59 115 204 79 26 185 66 13 213 79 110 213 61 117 209 69 122 207 59 115 212 35 109 212 93 114 218 81 109 213 75 19 169 93 16 178 57 98 207 82 117 178 56 17 198 75 25 212 95 121 184 89 105 197 93 16 178 61 99 216 79 115 204 70 29 211 62 117 178 56 17 181 67 117 178 56 17 198 95 115 209 50 106 212 66 26 197 91 117 178 56 21 193 93 16 178 57 98 215 56 16 178 78 114 209 81 113 215 56 16 179 76 121 169 66 121 209 51 122 216 90 118 173 70 118 207 65 14 185 50 22 175 95 121 184 70 118 215 56 16 178 78 99 183 93 16 178 57 102 175 81 29 201 79 13 215 70 114 172 95 21 207 78 23 207 49 117 178 56 16 196 77 114 185 94 115 214 61 122 204 50 23 207 70 113 215 56 16 179 78 22 201 80 11 204 75 121 201 70 120 185 67 117 178 56 17 199 37 114 209 93 16 178 57 102 165 50 109 208 59 120 173 94 15 207 93 11 219 66 107 196 70 117 178 56 17 199 92 117 178 56 17 196 68 107 201 82 110 214 66 118 215 93 109 211 35 103 215 56 16 178 78 117 178 56 17 192 93 16 178 57 98 218 94 103 205 80 117 178 56 17 196 69 122 173 69 117 219 61 22 218 93 16 178 57 101 216 79 15 208 95 117 178 56 21 193 70 13 207 39 116 208 93 16 178 57 102 215 56 16 179 78 105 204 69 19 209 59 106 215 56 16 179 74 117 205 82 23 196 93 16 178 57 98 215 56 16 179 74 19 197 38 14 199 93 101 197 93 16 178 57 100 200 95 23 208 81 13 173 35 117 178 56 17 196 78 115 199 95 106 205 71 23 180 62 115 185 79 109 201 82 117 178 56 17 199 79 117 215 56 16 179 78 114 212 94 113 212 49 110 204 93 16 178 57 102 215 56 16 179 78 107 215 56 16 179 77 15 201 95 25 200 93 22 215 56 16 179 78 117 178 56 17 199 79 27 203 93 16 178 57 101 212 53 19 177 67 116 219 92 107 214 93 16 178 56 102 184 37 102 219 94 111 204 71 13 215 59 110"
reverse;"56 212 213 183 201 19 61 149 86 27 88 142 24 16 204 193 65 85 45 21 86 82 221 12 207 72 213 20 80 204 193 69 82 237 197 17 196 0 204 85 149 12 192 4 213 217 73 82 229 205 82 189 69 12 192 4 213 45 149 12 192 4 213 24 80 204 193 73 83 58 88 213 69 153 85 73 149 12 192 4 213 85 213 17 196 0 204 86 157 82 53 221 14 77 152 205 223 205 19 41 213 81 77 153 17 196 0 204 86 220 139 182 73 84 221 201 82 16 80 204 193 77 81 21 85 81 187 140 145 204 133 12 192 4 213 8 80 204 193 73 81 222 141 83 84 149 12 192 4 213 40 220 212 207 73 19 37 149 12 192 4 213 24 80 204 193 73 84 83 212 147 183 141 16 212 0 204 85 217 84 189 201 22 20 80 204 193 65 86 217 68 214 87 93 11 107 89 17 196 0 204 86 29 83 29 145 86 8 80 204 193 73 80 196 0 204 85 145 12 192 4 213 30 212 148 53 85 85 90 145 21 58 157 82 47 25 17 196 0 204 85 21 81 196 0 204 87 153 17 46 149 22 173 69 83 189 141 75 96 216 212 54 156 201 24 80 204 193 77 84 75 84 145 196 0 204 86 221 14 99 157 18 100 217 19 174 13 82 217 133 12 192 4 213 71 149 19 222 136 211 105 80 213 77 157 78 73 89 17 192 0 204 86 84 211 221 133 19 213 201 75 75 149 21 181 205 18 246 69 75 24 80 204 193 69 77 13 145 12 192 4 213 91 153 14 101 213 75 218 140 206 186 69 19 91 157 11 88 153 86 106 220 212 102 157 10 101 21 12 192 4 213 70 93 84 73 145 12 192 4 213 8 80 204 193 77 80 212 0 204 84 221 81 234 137 21 42 156 212 77 209 81 196 0 204 86 221 13 196 0 204 85 148 212 247 137 19 77 217 22 13 80 204 193 77 81 36 89 78 101 217 85 228 193 17 196 0 204 86 149 83 8 80 204 193 77 74 204 205 21 54 81 86 73 89 85 54 216 149 76 212 211 107 93 20 85 92 213 57 221 21 182 141 14 233 201 19 76 208 211 214 140 205 51 208 149 78 93 13 196 0 204 85 209 19 229 137 11 59 29 16 74 153 75 221 136 213 20 80 204 193 69 83 84 213 13 192 4 213 99 153 22 100 149 12 192 4 213 31 212 150 20 80 204 193 69 81 196 0 204 86 216 214 102 88 211 28 212 211 82 220 147 54 157 80 90 149 22 53 216 205 236 69 81 196 0 204 86 220 206 24 80 204 193 69 83 78 156 212 44 221 83 187 73 21 57 89 17 89 148 211 99 156 146 61 81 81 196 0 204 85 149 82 13 80 204 193 69 83 14 217 21 13 80 204 193 73 77 24 80 204 193 73 83 54 85 21 13 80 204 193 77 80 212 0 204 84 209 86 95 156 142 20 80 204 193 77 82 230 200 208 196 0 204 86 221 16 85 221 14 99 153 16 196 0 204 84 149 12 192 4 213 24 80 204 193 69 81 196 0 204 85 220 148 24 80 204 193 77 85 45 216 209 63 25 18 159 9 14 49 152 211 81 157 73 89 85 12 192 4 213 16 80 204 193 69 86 21 153 83 8 80 204 193 73 75 97 85 12 192 4 213 21 221 10 157 197 18 28 213 13 192 4 213 88 85 79 173 196 204 192 4 213 245 13 81 37 220 205 196 0 204 87 217 17 25 153 82 107 25 22 13 153 20 91 220 140 82 25 75 101 85 12 192 4 213 158 200 209 196 0 204 85 88 213 79 152 150 30 149 76 192 4 213 13 80 204 193 73 86 104 93 77 196 0 204 84 209 19 94 85 83 61 89 83 8 80 204 193 73 81 192 0 204 84 217 13 87 92 204"
uuencoding;"183 52 118 186 75 182 182 72 112 202 93 112 182 73 163 210 93 176 211 105 120 210 91 182 182 72 113 185 25 154 222 93 112 182 77 164 219 72 112 183 106 104 222 37 116 218 61 182 182 72 113 202 59 39 219 72 112 183 93 186 178 88 117 183 38 119 214 78 164 222 76 90 206 94 167 202 70 118 182 72 113 187 55 106 201 28 89 219 72 112 183 71 43 195 105 183 219 72 112 187 91 168 207 87 39 173 7 102 219 72 112 183 93 185 178 93 112 182 73 163 210 94 166 223 109 112 182 73 165 219 72 112 183 93 183 169 30 181 210 62 173 190 76 39 206 76 112 202 55 108 217 29 112 182 73 167 215 39 118 182 72 113 203 109 112 182 73 167 219 72 112 183 90 182 182 72 113 198 69 121 189 7 118 197 11 118 182 72 113 198 59 21 205 29 112 182 73 166 191 37 120 222 107 182 182 72 81 197 29 112 182 77 164 219 89 110 210 93 112 182 73 167 186 93 112 182 77 164 218 75 100 211 109 112 182 77 164 207 110 182 182 72 113 202 109 176 207 37 121 211 78 183 202 77 175 218 68 46 209 27 172 215 58 116 211 109 112 182 73 167 191 59 118 182 72 113 203 105 87 186 55 110 223 90 119 197 26 110 211 43 117 211 75 168 210 57 122 222 59 118 182 72 113 203 109 112 182 73 166 223 54 104 219 72 112 183 90 186 222 69 121 219 72 112 187 91 182 211 109 112 182 73 166 218 62 83 178 90 115 197 12 111 178 78 85 210 87 118 182 72 113 185 9 116 218 54 109 187 58 17 210 75 180 210 71 22 189 10 45 217 7 111 219 61 182 213 4 90 211 75 180 218 43 110 218 93 179 222 105 110 217 11 115 173 29 112 182 73 163 211 106 118 182 72 113 202 91 85 218 87 122 190 89 170 201 29 112 182 77 164 222 71 116 210 69 25 215 78 182 182 72 113 185 11 118 182 72 113 202 103 116 215 58 107 218 74 22 201 27 182 182 72 81 197 29 112 182 73 163 219 72 112 182 94 179 213 25 114 219 72 112 183 92 186 173 10 122 215 59 90 222 90 183 177 5 119 211 89 46 191 58 18 179 103 122 190 69 119 219 72 112 182 94 164 187 109 112 182 73 167 179 105 25 205 7 45 219 85 115 178 87 17 211 94 83 211 73 118 182 72 112 202 77 179 189 30 180 218 77 154 210 58 19 211 85 114 219 72 112 183 94 82 205 24 43 210 75 186 205 5 121 189 11 118 182 72 113 203 52 115 213 29 112 182 73 167 171 58 110 214 59 185 177 30 111 211 109 107 223 90 108 202 69 118 182 72 113 203 108 182 182 72 113 202 76 108 205 26 111 218 90 119 219 109 174 215 59 104 219 72 112 182 94 182 182 72 113 198 93 112 182 73 163 222 110 168 209 24 118 182 72 113 202 68 90 177 4 118 223 77 82 222 109 112 182 73 166 222 71 47 214 87 118 182 72 81 197 5 45 211 54 117 214 93 112 182 73 167 219 72 112 183 94 170 210 68 51 215 59 171 219 72 112 183 90 182 209 26 19 202 93 112 182 73 163 219 72 112 183 90 115 203 37 46 203 109 166 201 29 112 182 73 165 206 87 19 214 89 45 179 43 118 182 72 113 202 78 180 203 103 107 209 6 19 186 62 180 189 7 110 205 26 118 182 72 113 203 87 118 219 72 112 183 94 179 218 94 178 218 57 111 210 93 112 182 73 167 219 72 112 183 94 172 219 72 112 183 93 111 205 23 21 206 93 82 219 72 112 183 94 182 182 72 113 203 87 23 207 109 112 182 73 166 218 52 51 181 11 117 223 108 172 218 109 112 182 72 167 190 36 103 223 110 176 210 70 45 219 75 175"
gila7;"141 72 74 146 201 10 141 165 89 138 218 153 141 173 77 14 210 168 12 171 94 13 185 10 141 165 119 146 29 78 30 218 153 141 162 154 40 53 89 140 175 223 31 172 3 43 178 138 141 165 119 139 179 253 40 53 89 142 162 129 158 222 106 141 15 7 170 192 90 30 205 206 10 208 70 138 207 10 141 165 119 145 76 196 138 26 124 40 53 89 140 50 118 160 173 71 40 53 89 146 169 31 10 162 125 21 44 245 40 53 89 142 162 177 158 218 153 141 173 77 14 208 117 28 170 153 141 173 91 40 53 89 142 162 135 18 16 106 15 176 99 150 198 125 10 205 232 139 188 231 42 26 153 141 173 70 169 12 202 141 165 119 136 170 153 141 173 70 40 53 89 142 161 10 141 165 119 166 204 49 149 44 202 165 34 202 141 165 119 167 179 240 10 26 153 141 173 117 149 12 30 31 89 10 141 165 97 166 26 153 141 162 154 42 171 100 14 218 153 141 173 70 146 218 153 141 162 154 42 194 218 12 170 153 141 162 154 8 160 74 141 165 119 139 82 168 9 12 49 12 48 71 138 194 165 42 196 151 14 25 39 169 79 195 12 170 153 141 173 70 149 66 202 141 165 119 136 166 192 147 188 228 30 175 199 166 31 228 13 2 234 12 57 31 15 187 65 31 178 202 141 165 119 136 170 153 141 173 117 28 47 31 40 53 89 142 161 1 30 204 49 40 53 89 146 169 10 12 170 153 141 173 117 43 188 93 158 223 194 165 45 229 158 204 112 13 188 202 141 165 119 145 43 67 40 223 35 145 79 161 13 169 3 14 194 111 149 47 139 41 44 229 41 66 138 169 40 78 12 57 3 43 162 228 42 210 130 31 91 100 41 40 212 22 26 153 141 173 77 12 175 202 141 165 119 137 184 240 42 220 193 150 221 68 138 26 153 141 162 154 30 204 195 14 202 252 168 48 74 141 165 119 145 34 202 141 165 119 139 92 195 169 79 197 42 207 175 138 25 10 141 165 97 166 26 153 141 173 77 40 53 89 141 176 66 170 27 98 40 53 89 142 168 129 21 47 193 169 66 206 30 209 7 157 44 7 14 171 23 149 79 184 156 172 193 150 204 7 40 53 89 141 176 90 144 170 153 141 173 70 156 171 60 9 34 75 42 172 2 158 210 97 14 172 93 12 59 74 141 165 89 138 194 130 150 16 67 41 162 142 15 191 157 14 172 34 40 53 89 142 172 120 10 20 246 14 201 1 9 44 49 149 34 202 141 165 119 136 40 66 170 26 153 141 173 70 17 79 228 171 185 49 158 28 88 12 170 182 30 175 231 138 204 10 141 165 119 136 168 138 141 165 119 138 205 231 10 31 229 41 191 199 40 162 164 168 34 223 40 53 89 141 176 74 141 165 119 166 218 153 141 173 77 31 80 95 14 30 74 141 165 119 138 200 78 157 40 74 28 58 184 31 90 153 141 173 117 30 194 88 170 220 202 141 165 97 165 42 203 12 47 42 170 218 153 141 173 70 40 53 89 142 160 68 14 196 148 169 73 5 40 53 89 142 161 10 14 31 157 138 218 153 141 173 77 40 53 89 142 169 148 137 10 215 136 162 181 138 26 153 141 173 91 10 210 93 170 219 11 157 2 202 141 165 119 138 192 67 136 172 197 13 37 157 147 176 67 149 44 228 10 31 202 141 165 119 138 172 202 40 53 89 142 160 66 42 208 98 43 187 101 14 218 153 141 173 70 40 53 89 142 160 103 40 53 89 142 170 152 10 18 112 10 218 184 40 53 89 142 160 74 141 165 119 138 162 64 8 170 153 141 173 117 43 180 148 141 34 234 28 168 167 43 90 153 141 163 6 151 168 70 28 160 104 14 197 139 40 57 37"
tigo3fx;"192 84 200 197 108 72 192 209 140 221 127 204 192 208 30 229 114 61 228 133 215 228 236 72 192 209 131 197 48 31 65 127 204 192 210 13 35 145 140 192 139 245 66 168 57 34 178 8 192 209 131 222 176 173 35 145 140 195 242 17 241 122 127 192 75 16 253 100 77 65 96 223 225 116 116 221 107 8 192 209 131 196 88 250 221 63 172 35 145 140 195 151 1 244 128 16 35 145 140 199 252 117 227 247 45 238 104 192 35 145 140 195 242 33 241 127 204 192 208 30 229 116 64 64 143 204 192 208 14 35 145 140 195 242 16 233 52 127 230 180 112 201 99 45 225 96 253 222 184 252 33 63 204 192 208 52 252 72 200 192 209 131 220 143 204 192 208 52 35 145 140 195 254 136 192 209 131 249 104 33 202 104 200 250 98 72 192 209 131 250 176 160 225 63 204 192 208 0 200 72 23 64 12 72 192 209 147 249 63 204 192 210 13 35 245 241 229 127 204 192 208 52 197 127 204 192 210 13 33 98 77 228 143 204 192 210 13 224 132 72 192 209 131 220 2 61 224 72 33 231 148 80 221 98 50 33 105 138 229 60 124 252 91 249 228 143 204 192 208 52 200 82 72 192 209 131 220 131 154 198 184 241 67 251 208 249 59 241 228 66 127 231 156 117 230 181 209 66 178 72 192 209 131 220 143 204 192 208 0 67 139 53 35 145 140 195 254 145 65 104 33 35 145 140 199 252 72 228 143 204 192 208 0 34 184 115 241 123 248 250 96 242 241 104 96 228 232 200 192 209 131 198 101 249 33 235 48 196 91 147 228 220 121 229 103 25 202 107 137 34 104 242 32 82 8 254 100 223 231 156 121 34 162 113 33 114 56 64 5 241 34 108 5 237 63 204 192 208 30 228 139 200 192 209 131 220 236 32 33 120 209 201 112 58 221 63 204 192 210 13 65 104 249 229 101 108 255 148 72 192 209 131 198 98 72 192 209 131 220 8 249 252 91 251 33 107 153 221 60 72 192 209 147 249 63 204 192 208 30 35 145 140 192 228 120 253 53 247 35 145 140 195 253 209 238 107 209 252 82 95 65 126 144 242 104 16 231 245 138 200 91 168 240 136 209 201 104 16 35 145 140 192 228 77 196 143 204 192 208 52 240 133 172 226 103 9 35 248 56 241 119 19 231 248 115 231 149 200 192 209 140 221 98 56 201 52 121 32 210 31 230 187 179 231 248 55 35 145 140 195 248 104 225 57 193 229 108 81 226 104 33 202 98 72 192 209 131 223 132 248 253 63 204 192 208 52 232 91 241 254 188 97 241 56 75 228 143 193 67 251 252 221 104 8 192 209 131 220 141 200 192 209 131 221 96 252 225 59 242 32 235 208 32 130 49 255 130 117 35 145 140 192 228 72 192 209 131 249 127 204 192 208 30 64 4 117 229 58 72 192 209 131 221 100 223 242 100 200 67 159 232 64 15 204 192 208 0 65 103 11 253 120 200 192 209 147 250 101 73 231 139 63 253 127 204 192 208 52 35 145 140 195 244 122 229 105 133 252 92 123 35 145 140 195 254 136 229 59 179 221 127 204 192 208 30 35 145 140 195 253 133 220 69 74 220 130 0 221 63 204 192 208 14 225 119 51 253 117 137 240 66 72 192 209 131 221 100 121 220 136 251 230 97 243 198 180 121 202 104 241 225 59 200 192 209 131 223 248 200 35 145 140 195 244 120 33 116 119 34 181 242 229 127 204 192 208 52 35 145 140 195 244 124 35 145 140 195 255 203 225 55 32 225 127 232 35 145 140 195 244 72 192 209 131 223 247 26 224 143 204 192 208 0 34 185 133 194 98 127 64 141 252 32 15 204 192 215 116 202 164 244 64 132 125 229 97 201 35 156 114"
zong22;"231 115 75 150 137 75 228 174 9 246 150 201 228 172 223 250 146 221 248 186 76 251 169 75 228 174 20 148 220 218 214 150 201 228 162 202 47 238 9 228 183 32 214 196 62 44 34 203 228 174 20 244 35 132 47 238 9 229 178 192 102 155 219 228 96 245 110 128 10 214 133 26 86 144 46 246 128 203 228 174 20 151 116 237 244 220 3 47 238 9 231 237 180 116 188 245 47 238 9 149 185 96 85 189 132 4 132 243 47 238 9 229 178 209 102 150 201 228 172 223 250 144 51 212 182 201 228 172 250 47 238 9 229 178 245 180 208 27 248 32 57 154 130 68 86 133 29 244 36 217 44 214 201 228 172 238 108 100 203 228 174 20 244 182 201 228 172 238 47 238 9 229 187 75 228 174 20 194 132 17 152 132 203 192 143 203 228 174 20 192 35 144 84 214 201 228 172 243 152 100 12 215 57 75 228 174 13 192 214 201 228 162 202 45 186 101 250 150 201 228 172 238 150 150 201 228 162 202 46 143 202 248 182 201 228 162 202 84 176 11 228 174 20 247 50 221 84 100 17 251 224 53 246 130 230 46 130 35 248 217 89 111 119 62 248 182 201 228 172 238 155 127 203 228 174 20 244 190 177 148 36 229 213 183 53 192 215 37 248 111 219 251 233 96 248 42 64 212 47 203 228 174 20 244 182 201 228 172 243 213 80 224 47 238 9 229 187 64 214 132 17 47 238 9 149 185 75 248 182 201 228 172 243 44 36 124 102 151 21 192 133 38 102 132 80 251 164 203 228 174 20 148 138 126 45 240 249 151 117 141 248 169 126 250 141 171 152 133 191 44 132 230 47 114 203 108 131 90 251 233 126 46 207 229 46 146 213 215 58 101 44 142 119 4 214 201 228 172 223 248 183 11 228 174 20 247 174 80 46 148 192 154 156 237 244 214 201 228 162 202 214 132 254 250 137 195 111 224 11 228 174 20 148 143 203 228 174 20 247 52 254 111 119 1 46 133 171 244 217 75 228 174 13 192 214 201 228 172 223 47 238 9 231 160 21 108 218 125 47 238 9 229 191 64 4 135 0 111 127 218 214 155 117 100 132 53 249 186 35 155 117 182 100 180 192 154 132 53 47 238 9 231 160 10 148 182 201 228 172 238 100 186 3 84 141 191 45 180 21 102 157 141 249 180 124 251 234 75 228 174 9 246 130 213 152 208 62 44 162 218 248 37 188 249 180 61 47 238 9 229 180 118 84 216 116 250 137 64 84 132 17 152 143 203 228 174 20 245 83 85 108 214 201 228 172 238 183 119 37 108 41 81 100 212 100 248 182 244 213 183 25 246 132 11 228 174 20 244 191 75 228 174 20 246 133 25 84 215 38 47 167 53 44 178 229 109 95 224 47 238 9 231 160 11 228 174 20 194 150 201 228 172 223 215 48 32 248 219 203 228 174 20 246 131 90 100 131 75 215 230 246 215 54 201 228 172 243 214 141 164 110 148 203 228 174 13 192 137 255 249 80 219 110 150 201 228 172 238 47 238 9 229 176 45 250 130 55 111 121 65 47 238 9 229 187 75 248 213 188 246 150 201 228 172 223 47 238 9 229 182 55 244 105 227 244 178 243 244 214 201 228 172 250 86 157 188 110 154 63 100 111 203 228 174 20 246 128 62 244 180 193 248 136 188 148 32 62 152 132 229 84 215 11 228 174 20 245 180 203 47 238 9 229 176 21 46 144 61 44 42 102 250 150 201 228 172 238 47 238 9 229 176 25 47 238 9 229 182 228 84 221 144 86 150 246 47 238 9 229 176 11 228 174 20 245 189 177 84 182 201 228 172 243 44 34 55 228 143 219 212 191 89 47 54 201 228 167 174 154 195 110 212 176 29 250 136 191 47 233 102"
megan35;"31 153 110 33 162 46 31 222 182 49 179 246 31 223 252 57 187 138 58 230 225 59 226 46 31 222 183 34 95 239 129 179 246 31 219 189 184 238 182 30 231 194 129 142 78 185 155 174 31 222 183 49 156 157 184 238 182 28 251 163 25 181 207 31 139 96 61 168 253 129 173 239 53 184 193 49 171 110 31 222 183 35 148 196 50 82 237 184 238 182 28 228 177 42 239 224 184 238 182 32 242 2 52 244 157 22 148 255 184 238 182 28 251 162 25 179 246 31 223 252 57 184 255 130 227 246 31 223 254 184 238 182 28 251 160 18 88 207 57 152 199 37 173 157 53 173 202 49 148 198 186 83 246 31 223 193 63 132 238 31 222 183 50 227 246 31 223 193 184 238 182 28 241 46 31 222 183 45 174 98 38 148 238 46 156 238 31 222 183 45 156 185 54 83 246 31 223 255 39 142 97 131 242 46 31 222 165 46 83 246 31 219 189 184 246 200 57 179 246 31 223 193 33 179 246 31 219 189 185 172 253 58 227 246 31 219 189 54 232 238 31 222 183 51 251 138 55 142 98 56 232 224 49 171 137 185 170 116 58 82 6 63 151 206 58 227 246 31 223 193 39 156 238 31 222 183 50 239 171 33 148 200 128 247 224 46 87 200 59 140 207 56 226 2 57 150 227 129 156 238 31 222 183 50 227 246 31 223 255 128 219 66 184 238 182 28 241 35 129 174 98 184 238 182 32 242 46 58 227 246 31 223 255 185 152 128 25 183 205 46 157 201 25 168 185 59 228 238 31 222 183 34 150 206 187 203 71 35 151 165 59 210 14 57 164 170 38 151 179 186 148 201 187 155 174 62 153 111 56 226 14 185 140 200 185 187 141 131 246 200 186 145 249 22 83 246 31 223 252 58 231 238 31 222 183 51 225 249 185 180 227 37 191 196 50 83 246 31 219 189 129 164 206 57 170 45 60 232 238 31 222 183 34 156 238 31 222 183 51 244 206 63 151 197 185 167 170 50 82 46 31 222 165 46 83 246 31 223 252 184 238 182 31 232 205 62 86 204 184 238 182 28 243 35 22 151 227 63 156 239 129 177 32 26 158 96 56 246 180 39 151 166 26 228 227 37 174 96 184 238 182 31 232 253 34 227 246 31 223 193 26 230 173 54 148 179 184 254 77 25 180 165 56 248 128 56 230 238 31 222 182 49 171 141 38 88 206 187 219 175 57 151 128 56 254 76 184 238 182 28 248 166 54 85 177 57 162 35 54 158 98 38 156 238 31 222 183 48 217 77 62 83 246 31 223 193 19 151 200 61 146 34 26 88 181 58 227 241 128 247 198 49 174 110 31 222 183 50 227 46 31 222 183 49 173 198 54 87 201 187 231 224 186 235 136 60 220 194 184 238 182 31 232 238 31 222 183 45 179 246 31 223 252 131 248 194 58 85 238 31 222 183 49 169 111 26 153 110 128 227 230 131 243 246 31 223 255 129 164 181 61 180 238 31 222 165 46 154 51 56 219 79 61 179 246 31 223 193 184 238 182 28 248 196 57 170 121 63 146 5 184 238 182 28 241 46 58 87 128 49 179 246 31 223 252 184 238 182 28 240 249 51 138 52 50 235 191 50 83 246 31 223 254 53 180 128 61 182 179 27 140 238 31 222 183 49 168 206 50 228 197 58 155 0 33 152 206 38 148 200 54 87 238 31 222 183 48 244 238 184 238 182 28 248 205 185 184 204 185 150 201 57 179 246 31 223 193 184 238 182 28 248 198 184 238 182 28 243 245 54 84 185 53 179 230 184 238 182 28 248 238 31 222 183 48 244 171 54 227 246 31 223 255 185 154 121 30 156 207 130 227 6 187 243 246 31 222 193 37 137 65 130 232 202 57 171 51 184 226 9"
hazz15;"185 71 233 4 64 105 185 165 89 188 94 217 185 169 127 168 90 125 170 145 94 169 176 105 185 165 116 5 249 122 156 94 217 185 170 90 166 165 89 186 159 0 156 142 106 164 154 105 185 165 116 188 155 11 166 165 89 187 186 98 228 83 251 185 2 167 236 72 154 156 77 58 212 88 176 188 66 169 185 165 116 5 76 205 189 248 10 166 165 89 186 170 38 246 153 103 166 165 89 7 176 64 215 186 11 141 44 229 166 165 89 187 186 113 228 94 217 185 169 127 168 88 165 158 158 217 185 169 91 166 165 89 187 186 103 53 248 187 168 152 174 8 70 75 212 77 61 188 156 249 165 254 217 185 169 112 237 12 233 185 165 116 190 158 217 185 169 112 166 165 89 187 179 105 185 165 116 128 78 113 9 44 233 129 42 233 185 165 116 128 155 57 213 254 217 185 169 101 9 14 94 158 80 105 185 165 95 129 254 217 185 170 90 167 177 65 168 94 217 185 169 112 4 94 217 185 170 90 164 74 218 170 158 217 185 170 90 214 152 169 185 165 116 190 90 125 213 14 113 170 168 167 188 74 66 164 68 151 169 240 121 237 79 42 170 158 217 185 169 112 9 74 233 185 165 116 190 150 225 4 156 193 159 191 39 129 255 1 169 10 251 170 160 64 168 145 98 156 154 233 185 165 116 190 158 217 185 169 101 159 82 128 166 165 89 187 179 98 156 78 113 166 165 89 7 176 105 170 158 217 185 169 101 164 156 93 228 95 53 129 45 2 228 76 121 169 188 233 185 165 116 5 33 106 167 242 174 5 77 159 169 160 106 168 74 7 9 45 171 165 44 194 165 74 105 237 39 250 170 160 106 164 138 193 164 90 117 158 81 65 165 43 148 141 254 217 185 169 127 170 159 41 185 165 116 189 187 185 164 92 226 8 89 77 189 254 217 185 170 90 156 76 234 168 64 202 238 168 169 185 165 116 5 42 233 185 165 116 190 92 234 237 79 35 164 77 135 189 240 105 185 165 95 129 254 217 185 169 127 166 165 89 185 184 181 237 241 111 166 165 89 187 187 226 141 47 34 237 74 250 156 83 103 229 46 103 171 177 23 9 77 142 230 156 226 8 78 103 166 165 89 185 184 154 6 158 217 185 169 112 230 145 10 213 42 43 167 190 117 228 90 31 171 188 93 170 161 105 185 165 89 188 74 117 9 248 170 165 170 122 168 157 157 171 190 111 166 165 89 187 188 78 213 244 230 168 64 98 213 46 113 9 42 233 185 165 116 191 87 245 237 254 217 185 169 112 53 79 1 236 144 113 229 252 88 170 158 230 159 191 57 188 78 105 185 165 116 190 155 233 185 165 116 188 77 57 213 255 2 165 191 39 166 154 65 239 90 192 166 165 89 185 184 169 185 165 116 128 94 217 185 169 127 158 88 128 169 243 233 185 165 116 188 71 250 229 39 233 158 174 206 158 94 217 185 169 101 156 74 24 236 92 233 185 165 95 129 32 235 171 82 187 236 94 217 185 169 112 166 165 89 187 184 141 168 68 148 237 64 99 166 165 89 187 179 105 169 253 157 188 94 217 185 169 127 166 165 89 187 190 20 189 0 215 190 154 101 189 254 217 185 169 91 212 90 29 236 81 43 229 10 233 185 165 116 188 72 170 190 156 227 169 37 157 4 152 170 9 44 193 213 255 41 185 165 116 191 188 233 166 165 89 187 184 181 164 88 175 164 145 66 168 94 217 185 169 112 166 165 89 187 184 185 166 165 89 187 190 216 213 250 57 212 94 206 166 165 89 187 184 169 185 165 116 191 186 33 214 158 217 185 169 101 164 148 148 185 42 251 158 155 249 166 94 217 185 175 176 8 135 240 158 152 189 168 69 171 166 160 66"
radix64;"91 208 95 94 229 223 88 210 186 110 247 186 88 211 204 118 247 217 117 251 225 116 229 223 88 210 187 92 19 228 130 247 186 88 215 205 125 210 186 89 252 209 130 193 93 126 215 223 88 210 187 110 221 177 125 210 186 89 231 227 86 250 222 91 194 96 122 232 205 130 238 228 114 248 208 110 226 95 88 210 187 95 217 211 108 22 137 125 210 186 89 217 181 101 243 224 125 210 186 93 229 209 113 233 177 80 9 207 125 210 186 89 231 226 86 247 186 88 211 204 118 248 207 129 247 186 88 211 206 125 210 186 89 231 224 76 24 222 118 216 214 98 238 177 114 238 217 110 217 213 124 23 186 88 211 208 123 201 223 88 210 187 109 247 186 88 211 208 125 210 186 89 228 223 88 210 187 106 225 98 96 9 223 104 13 223 88 210 187 106 221 133 112 23 186 88 211 207 99 193 97 128 245 223 88 210 129 104 23 186 88 215 205 125 235 215 118 247 186 88 211 208 94 247 186 88 215 205 126 237 205 117 247 186 88 215 205 113 248 223 88 210 187 108 247 217 115 193 98 117 216 224 110 231 216 126 224 56 116 21 213 123 220 221 117 247 186 88 211 208 99 221 223 88 210 187 109 243 135 94 217 215 129 236 224 104 28 215 119 205 222 117 213 209 118 219 227 130 221 223 88 210 187 109 247 186 88 211 207 129 194 81 125 210 186 89 228 227 130 225 98 125 210 186 93 229 223 117 247 186 88 211 207 126 216 131 86 252 220 104 14 216 86 232 133 116 233 223 88 210 187 92 11 221 124 194 86 95 220 129 116 213 221 118 233 134 96 12 183 124 9 216 127 215 223 120 0 100 117 213 221 126 205 215 126 247 220 128 251 215 124 5 189 80 23 186 88 211 204 117 252 223 88 210 187 108 229 133 126 249 227 98 243 211 108 23 186 88 215 205 130 233 221 118 225 9 121 216 223 88 210 187 92 13 223 88 210 187 108 249 221 123 220 212 126 236 134 108 21 223 88 210 129 104 23 186 88 211 204 125 210 186 88 232 220 120 27 219 125 210 186 89 230 227 80 12 227 123 221 228 130 244 224 84 1 96 117 235 184 99 220 130 85 249 227 98 225 96 125 210 186 88 232 205 93 247 186 88 211 208 85 251 137 112 9 183 125 225 92 86 249 129 117 232 131 117 219 223 88 210 186 110 231 220 96 24 221 124 215 228 118 220 131 117 225 91 125 210 186 89 232 130 112 26 181 118 229 227 112 1 98 96 13 223 88 210 187 109 192 92 120 23 186 88 211 208 79 220 215 122 213 226 84 24 185 117 247 181 129 236 213 110 225 95 88 210 187 109 246 223 88 210 187 110 238 213 112 28 216 124 236 224 125 247 215 121 205 209 125 210 186 88 232 223 88 210 187 106 247 186 88 211 204 128 248 209 116 26 223 88 210 187 110 224 100 84 0 95 129 215 130 128 247 186 88 211 207 130 233 185 122 249 223 88 210 129 104 1 55 117 194 94 122 247 186 88 211 208 125 210 186 89 232 211 118 224 61 123 213 212 125 210 186 89 228 223 116 28 131 110 247 186 88 211 204 125 210 186 89 228 189 111 193 56 109 247 207 108 23 186 88 211 206 114 249 131 122 251 183 87 205 223 88 210 187 110 232 221 109 249 212 116 2 3 94 216 221 96 9 215 112 28 223 88 210 187 109 233 223 125 210 186 89 232 220 126 248 219 126 219 216 118 247 186 88 211 208 125 210 186 89 232 213 125 210 186 89 231 185 112 25 133 114 247 130 125 210 186 89 232 223 88 210 187 109 233 135 113 247 186 88 211 207 126 208 61 88 13 222 129 246 213 124 247 186 88 210 208 98 192 80 129 248 217 118 226 55 125 213 216"
binhex4;"143 51 171 147 169 43 141 165 240 159 186 176 141 167 25 167 186 229 166 190 236 165 185 43 141 165 241 144 231 49 91 186 176 141 170 218 174 149 240 142 191 94 91 132 169 175 154 235 141 165 241 159 155 39 174 149 240 142 170 238 139 189 234 143 37 86 171 171 154 91 172 113 163 187 157 159 165 107 141 165 241 147 61 32 156 233 149 174 149 240 142 156 255 150 183 22 174 149 240 146 169 30 162 172 231 132 221 28 174 149 240 142 170 237 139 186 176 141 167 25 167 187 156 90 186 176 141 167 27 174 149 240 142 170 214 128 235 170 167 155 163 59 172 39 163 172 101 159 157 34 172 234 176 141 167 29 171 45 43 141 165 241 158 186 176 141 167 29 174 149 240 142 168 43 141 165 241 155 164 173 56 221 43 152 219 107 141 165 241 155 155 18 160 234 176 141 167 28 59 36 172 89 201 43 141 165 206 152 234 176 141 170 218 174 174 228 167 186 176 141 167 29 147 186 176 141 170 218 175 171 90 166 186 176 141 170 218 162 187 171 141 165 241 157 202 229 163 36 173 166 155 150 159 170 206 175 163 110 164 233 34 171 63 105 166 186 176 141 167 29 59 59 107 141 165 241 158 182 251 147 157 36 90 175 86 152 239 100 167 43 106 166 153 30 167 158 238 91 155 107 141 165 241 158 186 176 141 167 28 90 133 94 174 149 240 142 168 46 91 164 173 174 149 240 146 169 43 166 186 176 141 167 28 175 155 80 139 191 104 152 220 78 139 171 82 165 189 43 141 165 241 144 222 233 173 149 99 147 58 14 165 169 41 167 172 211 56 218 45 172 221 14 175 58 235 168 211 177 166 153 41 175 139 100 175 186 232 89 206 228 172 216 243 132 234 176 141 167 25 166 191 107 141 165 241 157 184 210 175 189 46 59 183 32 156 234 176 141 170 218 91 173 41 167 164 85 170 155 171 141 165 241 144 219 107 141 165 241 157 205 41 171 63 97 175 170 19 156 233 43 141 165 206 152 234 176 141 167 25 174 149 240 141 187 168 168 238 231 174 149 240 142 169 238 132 223 110 171 59 113 91 184 22 136 212 150 166 174 174 59 58 15 138 189 46 59 164 150 174 149 240 141 187 154 146 186 176 141 167 29 138 190 149 160 220 237 174 164 168 139 188 206 166 171 80 166 158 235 141 165 240 159 170 232 56 235 169 173 170 241 167 154 16 166 164 167 174 149 240 142 171 79 160 232 63 167 169 46 160 212 173 56 219 107 141 165 241 158 131 168 168 234 176 141 167 29 131 63 100 171 153 45 136 235 111 166 186 191 90 175 98 159 164 171 141 165 241 158 185 235 141 165 241 159 172 98 160 239 78 173 191 86 174 186 228 170 139 94 174 149 240 141 187 171 141 165 241 155 186 176 141 167 25 89 203 158 164 237 235 141 165 241 159 163 177 136 211 171 90 154 143 89 202 176 141 167 28 91 172 239 171 189 43 141 165 206 152 212 109 166 133 106 171 186 176 141 167 29 174 149 240 142 171 160 167 163 115 171 57 33 174 149 240 142 168 43 164 234 16 159 186 176 141 167 25 174 149 240 142 167 243 159 36 110 158 186 220 156 234 176 141 167 27 163 188 208 171 190 173 139 43 107 141 165 241 159 171 169 158 189 33 164 213 16 147 155 169 56 221 36 160 239 107 141 165 241 158 173 43 174 149 240 142 171 168 175 187 167 175 158 206 167 186 176 141 167 29 174 149 240 142 171 162 174 149 240 142 170 175 160 236 210 163 186 143 174 149 240 142 171 171 141 165 241 158 172 251 162 186 176 141 167 28 175 147 115 140 219 106 90 185 226 173 202 176 141 166 29 59 131 157 90 187 165 167 165 45 174 153 14"
46esab;"204 194 170 201 188 170 207 207 207 185 170 207 207 206 189 177 170 176 178 166 168 179 188 170 207 207 206 200 174 165 165 170 207 207 202 188 170 207 207 206 165 184 165 209 172 169 202 170 207 207 206 185 196 216 170 207 207 206 186 166 209 167 171 204 208 169 173 185 188 165 179 165 181 169 185 185 176 170 207 207 206 200 200 182 184 171 194 170 207 207 206 200 212 194 174 169 170 207 207 202 188 184 182 184 216 212 184 186 170 207 207 206 186 167 209 170 207 207 206 189 177 169 186 166 170 207 207 206 187 170 207 207 206 186 169 216 169 171 177 201 179 197 179 216 181 179 176 185 200 180 168 170 207 207 206 185 172 216 170 207 207 206 186 170 207 207 206 185 170 207 207 206 189 170 207 207 206 189 177 167 196 184 170 188 180 170 207 207 206 189 196 198 180 170 207 207 206 186 196 209 168 167 172 170 207 207 202 188 170 207 207 202 188 170 182 178 177 170 207 207 206 185 201 170 207 207 202 188 169 180 188 178 170 207 207 202 188 182 169 170 207 207 206 187 170 176 180 209 167 178 201 169 185 186 177 169 178 209 176 172 180 172 197 172 178 170 207 207 206 185 196 196 170 207 207 206 186 174 196 201 200 178 166 181 169 188 165 178 176 212 171 178 204 184 177 198 166 165 196 170 207 207 206 186 170 207 207 206 186 166 208 184 170 207 207 206 189 166 165 177 167 170 207 207 202 188 170 178 170 207 207 206 186 169 201 200 209 165 173 188 179 177 209 185 198 179 184 170 207 207 206 200 182 172 171 208 179 200 197 202 179 204 172 177 184 197 196 181 210 168 184 177 168 202 170 172 178 165 178 204 172 169 212 178 169 170 173 167 166 178 168 188 204 212 170 207 207 206 189 178 165 170 207 207 206 187 188 198 169 168 166 197 174 182 184 170 207 207 202 188 165 184 172 177 177 194 174 201 170 207 207 206 200 180 170 207 207 206 187 168 172 172 197 181 169 181 197 184 172 170 207 207 202 188 170 207 207 206 189 170 207 207 207 185 173 172 166 174 170 207 207 206 187 166 212 181 166 172 196 165 165 173 169 208 177 169 178 182 209 196 197 201 210 168 166 197 177 169 170 207 207 207 185 188 202 170 207 207 206 185 210 166 194 180 184 210 170 177 173 209 168 202 178 185 200 178 198 170 207 207 207 185 186 173 196 169 172 171 202 165 177 197 200 178 177 174 170 207 207 206 185 201 180 167 212 177 188 166 180 177 167 196 180 170 207 207 206 186 210 173 172 170 207 207 206 185 216 197 178 173 204 167 208 169 208 178 170 212 166 181 180 185 177 170 207 207 206 186 171 170 207 207 206 185 179 180 180 165 177 171 181 169 170 170 178 174 212 184 170 207 207 207 185 170 207 207 206 189 170 207 207 206 189 167 169 184 176 167 170 207 207 206 185 178 165 208 178 170 166 202 201 167 170 207 207 206 186 165 184 208 173 168 170 207 207 202 188 177 210 178 208 171 173 170 207 207 206 185 170 207 207 206 185 182 177 178 204 172 204 181 170 207 207 206 189 170 176 165 200 185 170 207 207 206 189 170 207 207 206 189 204 184 209 209 186 170 186 184 170 207 207 206 187 181 168 200 173 166 210 208 212 170 207 207 206 185 185 172 186 168 181 176 176 200 201 201 172 196 184 178 180 165 170 207 207 206 186 184 170 170 207 207 206 185 173 169 169 174 169 198 177 177 170 207 207 206 185 170 207 207 206 185 180 170 207 207 206 186 208 180 168 198 181 170 201 170 207 207 206 185 170 207 207 206 186 184 196 182 170 207 207 206 186 169 194 204 204 180 171 166 171 180 171 170 207 207 207 185 197 210 185 166 169 176 177 176 210 170 204 177"
